i,j,n
2007surveyresults,webdesignsurvey,1
5k,glut,1
80-20-practitioners-make-better-communicators,more-meaningful-typography,1
80-20-practitioners-make-better-communicators,the-specialist-generalist-balance,1
a-checklist-for-content-work,tohell,1
a-list-apart-relaunches-new-features-new-design,ALAprimer,1
a-list-apart-relaunches-new-features-new-design,summer-reading-issue,1
a-list-apart-relaunches-new-features-new-design,survey2011,1
a-list-apart-relaunches-new-features-new-design,tenyears,1
a-list-together,a-list-apart-relaunches-new-features-new-design,1
a-list-together,writing-is-thinking,1
a-vision-for-our-sass,creating-style-guides,1
accessibilityseo,seo,1
accessibledatavisualization,taminglists,1
accesskeys,alternate,1
accesskeys,taminglists,1
adapting-to-input,responsive-web-design,1
ala40,fauxcolumns,1
ala40,sprites,1
ALAprimer,alternate,1
ALAprimer,bathingape,1
ALAprimer,betterrotator,1
ALAprimer,bodyswitchers,1
ALAprimer,cheaper,1
ALAprimer,dao,1
ALAprimer,dropdowns,1
ALAprimer,elastic,1
ALAprimer,emen,1
ALAprimer,fauxcolumns,1
ALAprimer,flashsatay,1
ALAprimer,footers,1
ALAprimer,fourdayweek,1
ALAprimer,goingtoprint,1
ALAprimer,holygrail,1
ALAprimer,journey,1
ALAprimer,marsvenus,1
ALAprimer,mountaintop,1
ALAprimer,netscape,1
ALAprimer,perfect404,1
ALAprimer,randomizer,1
ALAprimer,readingdesign,1
ALAprimer,redesignrealign,1
ALAprimer,slashforward,1
ALAprimer,slidingdoors,1
ALAprimer,slidingdoors2,1
ALAprimer,sprites,1
ALAprimer,succeed,1
ALAprimer,taminglists,1
ALAprimer,tohell,1
ALAprimer,tohellwithwcag2,1
ALAprimer,urls,1
alaprimer2,ALAprimer,1
alaprintstyles,ala40,1
alaprintstyles,goingtoprint,2
aligning-content-work-with-agile-processes,becoming-better-communicators,1
aligning-content-work-with-agile-processes,do-androids-dream-in-free-verse,1
aligning-content-work-with-agile-processes,meta-moments-thoughtfulness-by-design,1
aligning-content-work-with-agile-processes,people-skills-for-web-workers,1
aligning-content-work-with-agile-processes,product-management-for-the-web,1
aligning-content-work-with-agile-processes,tinker-tailor-content-strategist,1
all-talk-and-no-buttons-the-conversational-ui,designing-the-conversational-ui,1
all-talk-and-no-buttons-the-conversational-ui,do-androids-dream-in-free-verse,1
all-talk-and-no-buttons-the-conversational-ui,shades-of-discoverability,1
alltheaccess,unclear,1
alphabet,doctype,2
alternate,domtricks2,1
an-important-time-for-design,redesignrealign,1
another-10k-apart,5k,1
another-10k-apart,understandingprogressiveenhancement,1
approaching-content-strategy-for-personalized-websites,audiences-outcomes-and-determining-user-needs,1
approaching-content-strategy-for-personalized-websites,content-modelling-a-master-skill,1
approaching-content-strategy-for-personalized-websites,the-core-model-designing-inside-out-for-better-results,1
apps-vs-the-web,putyourcontentinmypocket,1
apps-vs-the-web,putyourcontentinmypocketpart2,1
aria-and-progressive-enhancement,waiaria,1
art-direction-and-design,artdirweb,1
avoidedgecases,12lessonsCSSandstandards,1
avoidedgecases,saveaccessibility,1
back-to-the-future-in-2016,accessibility-the-missing-ingredient,1
back-to-the-future-in-2016,love-the-web-learn-swift,2
back-to-the-future-in-2016,see-what-i-mean,1
back-to-the-future-in-2016,wai-finding-with-aria-landmark-roles,1
balancing-the-scale,being-profitable,1
balancing-the-scale,pricing-the-web,1
behavioralseparation,imagegallery,1
being-profitable,living-up-to-your-business-ideals,1
betterliving,doctype,1
betterliving,emen,1
betterliving,ie5mac,1
betterrotator,randomizer,1
beyond-goals-site-search-analytics-from-the-bottom-up,internal-site-search-analysis-simple-effective-life-altering,1
beyond-usability-testing,quick-and-dirty-remote-user-testing,1
beyond-usability-testing,usability-testing-demystified,1
beyonddoctype,doctype,1
bodyswitchers,alternate,1
bullet,gecko,1
business1,business2,1
business2,business1,1
buy-him-a-coffee,it-is-what-it-is,1
byebyeembed,flashsatay,1
can-email-be-responsive,fluidgrids,1
can-email-be-responsive,responsive-web-design,1
can-email-be-responsive,semanticsinhtml5,1
can-you-say-that-in-english-explaining-ux-research-to-clients,culturalprobe,1
can-you-say-that-in-english-explaining-ux-research-to-clients,flexiblefueleducatingtheclientonia,1
can-you-say-that-in-english-explaining-ux-research-to-clients,paperprototyping,1
can-you-say-that-in-english-explaining-ux-research-to-clients,usability-testing-demystified,1
cheaper,proud,1
choosing-a-cms-your-organization-will-love,training-the-cms,1
clickthru,money,1
client-education-and-post-launch-success,living-up-to-your-business-ideals,1
client-relationships-and-the-multi-device-web,responsive-comping-obtaining-signoff-with-mockups,1
client-relationships-and-the-multi-device-web,wysiwtf,1
collaboratewithsubversion,revisioncontrol,1
communicating-animation,more-meaningful-typography,1
communicating-animation,web-animation-at-work,1
complexdynamiclists,dropdowns,1
container-queries-once-more-unto-the-breach,responsive-images-and-web-standards-at-the-turning-point,1
container-queries-once-more-unto-the-breach,responsive-images-in-practice,1
content-modelling-a-master-skill,tinker-tailor-content-strategist,1
content-out-layout,fluidgrids,2
content-out-layout,responsive-web-design,1
content-out-layout,the-infinite-grid,1
content-templates-to-the-rescue,betterwritingthroughdesign,1
content-templates-to-the-rescue,indefenseofreaders,1
content-templates-to-the-rescue,thecureforcontent-delaysyndrome,1
creating-accurate-estimates,lets-do-it-what-are-we-doing,1
creating-accurate-estimates,pricing-the-web,1
creating-intrinsic-ratios-for-video,flashembedcagematch,2
cross-platform-scalable-vector-graphics-with-svgweb,svg-with-a-little-help-from-raphael,1
cross-platform-scalable-vector-graphics-with-svgweb,takecontrolofyourmaps,1
crosscolumn2,crosscolumn,1
css-audits-taking-stock-of-your-code,creating-style-guides,1
css-audits-taking-stock-of-your-code,method,1
css-floats-101,css-positioning-101,1
css-floats-101,fauxcolumns,1
cssdrop2,cssdropshadows,2
cssdrop2,pngopacity,1
cssdropshadows,slidingdoors,2
cultivating-the-next-generation-of-web-professionals,does-our-industry-have-a-drinking-problem,1
cultivating-the-next-generation-of-web-professionals,people-skills-for-web-workers,1
customcorners,slidingdoors,1
customcorners,slidingdoors2,1
customcorners2,customcorners,2
customdtd,scripttriggers,1
defining-a-vision-making-sure-your-work-matters,can-you-say-that-in-english-explaining-ux-research-to-clients,1
designing-contracts-for-the-xxi-century,ebookstandards,1
designing-contracts-for-the-xxi-century,on-web-typography,1
designing-for-post-connected-users-part-2,designing-for-post-connected-users-part-1,1
designing-interface-animation-interview-with-val-head,designing-safer-web-animation-for-motion-sensitivity,1
designing-safer-web-animation-for-motion-sensitivity,ui-animation-and-ux-a-not-so-secret-friendship,1
designing-the-conversational-ui,all-talk-and-no-buttons-the-conversational-ui,1
designingforcontext,goingtoprint,2
digital-publishing-and-the-web,building-books-with-css3,1
digital-publishing-and-the-web,ebookstandards,1
dive-into-responsive-prototyping-with-foundation,responsive-images-how-they-almost-worked-and-what-we-need,1
do-as-little-as-possible,the-web-on-mobile-and-beyond,1
doctor-is-in,on-web-typography,1
doctype,betterliving,1
doctype,dreamweaver,1
domtricks2,dom2,1
domtricks3,domtricks2,1
downbylaw,topless,1
dreamweaver,betterliving,1
dreamweaver,emen,1
dropdowns,taminglists,1
dry-ing-out-your-sass-mixins,getting-started-with-sass,1
dynatext,printyourway,1
eatcake,goingtoprint,1
ebookstandards,pdf_accessibility,1
ebookstandards,unwebbable,1
educatingstakeholders,manpoweronawebteam,1
elastic,alternate,1
elastic,sizematters,1
elevate-web-design-at-the-university-level,brighter-horizons-for-web-education,1
environmental-design-with-the-device-api,responsive-images-how-they-almost-worked-and-what-we-need,1
even-better-in-browser-mockups-with-node.js,node-at-work-a-walkthrough,1
every-time-you-call-a-proprietary-feature-css3-a-kitten-dies,understandingprogressiveenhancement,1
explaining-water-to-fish,looking-beyond-user-centered-design,1
facilitating-great-design,kick-ass-kickoff-meetings,1
failure,curse,1
fame,glut,1
fauxabsolutepositioning,holygrail,1
findabilityorphan,accessibilityseo,1
findabilityorphan,contrastandmeaning,1
finding-opportunities-in-the-mistakes-we-make,pickle,1
findings-from-the-web-design-survey-2010,2007surveyresults,1
findings-from-the-web-design-survey-2010,webdesignsurvey,1
finessing-fecolormatrix,mixing-color-for-the-web-with-sass,1
flashembedcagematch,flashsatay,1
flashmxclarifying,unclear,1
flexiblelayouts,sizematters,1
fluid-images,fauxcolumns,1
fluid-images,fluidgrids,1
fluidgrids,dao,2
fluidgrids,howtosizetextincss,1
fluidgrids,outsidethegrid,1
following-through-with-post-launch-strategy,responsive-web-design,1
fontresizing,fauxcolumns,1
fonts-at-the-crossing,real-web-type-in-real-web-context,1
fonts-at-the-crossing,realfontsontheweb,1
for-a-future-friendly-web,future-ready-content,1
for-a-future-friendly-web,responsive-images-how-they-almost-worked-and-what-we-need,1
for-a-future-friendly-web,responsive-web-design,1
for-a-future-friendly-web,thedisciplineofcontentstrategy,1
for-a-future-friendly-web,understandingprogressiveenhancement,1
forward-thinking-form-validation,inline-validation-in-web-forms,1
from-empathy-to-advocacy,translation-is-ux,1
fromswitchestotargets,goingtoprint,1
future-ready-content,for-a-future-friendly-web,1
future-ready-content,responsive-web-design,1
future-ready-content,strategic-content-management,1
gardens-not-graves,content-modelling-a-master-skill,1
gardens-not-graves,dont-poke-the-bear-creating-content-for-sensitive-situations,1
gardens-not-graves,responsive-design-wont-fix-your-content-problem,1
gecko,bullet,1
get-ready-for-html-5,previewofhtml5,1
gettingstartedwithrubyonrails,betterrotator,1
gettingstartedwithrubyonrails,keepingcurrent,1
gettingstartedwithrubyonrails,phpcms,1
globaltreaty,downbylaw,1
goingtoprint,betterliving,1
good-help-is-hard-to-find,contenttiousstrategy,1
good-help-is-hard-to-find,infrequently-asked-questions-of-faqs,1
good-taste-doesnt-matter,indefenseofeyecandy,1
good-taste-doesnt-matter,the-monster-within-us,1
gracefulemailobfuscation,spam,2
groups-of-five,it-is-what-it-is,1
hack-your-maps,takecontrolofyourmaps,1
hattrick,goingtoprint,1
hattrick,improvingprint,1
hello-my-name-is-error,inline-validation-in-web-forms,1
help-one-of-our-own-carolyn-wood,a-simpler-page,1
help-one-of-our-own-carolyn-wood,css-floats-101,1
help-one-of-our-own-carolyn-wood,design-criticism-creative-process,1
help-one-of-our-own-carolyn-wood,designing-web-registration-forms-for-kids,1
help-one-of-our-own-carolyn-wood,more-meaningful-typography,1
help-one-of-our-own-carolyn-wood,orbital-content,1
help-one-of-our-own-carolyn-wood,responsive-web-design,1
help-we-think-we-need-to-hire-a-content-strategist,content-modelling-a-master-skill,1
help-we-think-we-need-to-hire-a-content-strategist,interviewing-humans,1
help-we-think-we-need-to-hire-a-content-strategist,reclaiming-social-content-strategy-for-social-media,1
help-we-think-we-need-to-hire-a-content-strategist,training-the-cms,1
homepage-exception,battle-for-the-body-field,1
homepage-exception,training-the-cms,1
horizdropdowns,dropdowns,1
how-big-is-big-enough-to-pick-on,i-dont-like-it,1
howtosizetextincss,settingtypeontheweb,1
howtosizetextincss,sizematters,1
hybrid,dropdowns,1
hybrid,sprites,1
i-dont-like-it,good-taste-doesnt-matter,1
i-dont-like-it,interviewing-humans,1
i-dont-like-it,me-and-my-big-fat-ego,1
ie5mac,fear,1
improving-ux-through-front-end-performance,a-primer-on-a-b-testing,1
improving-ux-through-front-end-performance,sprites,1
improvingprint,goingtoprint,1
in-pursuit-of-facebook-happiness,the-real-real-problem-with-facebook,1
infoexperience,marsvenus,1
infoexperience,practicalcss,1
insisting-on-core-development-principles,performance-matters,1
insisting-on-core-development-principles,responsive-web-design,1
introduction-to-rdfa-ii,introduction-to-rdfa,2
javascript-minification-part-II,better-javascript-minification,1
javascriptreplacement,domtricks2,1
javascriptreplacement,fir,2
job-hunting-for-web-designers-and-developers,no-good-can-come-of-bad-code,1
journey,cubicle,1
journey,tohell,1
keepelementskidsinlinewithoffspring,dropdowns,1
keepingcurrent,phpcms,1
keepingcurrent,seo,1
keepingcurrent,slidingdoors,1
keepingcurrent,taminglists,1
kickasp,alternate,1
let-links-be-links,understandingprogressiveenhancement,1
like-able-content-spread-your-message-with-third-party-metadata,future-ready-content,1
live-font-interpolation-on-the-web,how-we-read,1
live-font-interpolation-on-the-web,responsive-web-design,1
live-font-interpolation-on-the-web,understandingprogressiveenhancement,1
logically-speaking,fluidgrids,1
love-the-web-learn-swift,fauxcolumns,1
love-the-web-learn-swift,flashstandards,1
love-the-web-learn-swift,the-merry-stormtrooper,1
love-the-web-learn-swift,your-side-project-as-insurance-policy,1
lowvision,fir,1
making-time-for-side-projects,your-side-project-as-insurance-policy,1
making-your-javascript-pure,writing-testable-javascript,1
managing-your-content-management-system,battle-for-the-body-field,1
managing-your-content-management-system,training-the-cms,1
material-honesty-on-the-web,more-meaningful-typography,1
material-honesty-on-the-web,personality-in-design,1
material-honesty-on-the-web,responsive-comping-obtaining-signoff-with-mockups,1
material-honesty-on-the-web,the-web-aesthetic,1
minorthreat,beyonddoctype,1
minorthreat,doctype,1
minorthreat,theyshootbrowsers,1
mo-pixels-mo-problems,responsive-images-how-they-almost-worked-and-what-we-need,1
modern-debugging-tips-and-tricks,advanced-debugging-with-javascript,1
multicolumnlayouts,elastic,1
multicolumnlayouts,fauxcolumns,2
multicolumnlayouts,holygrail,1
n4switch,alternate,2
narrative,curse,1
netscape,tohell,1
never-show-a-design-you-havent-tested-on-users,what-really-matters-focusing-on-top-tasks,1
no-good-can-come-of-bad-code,responsive-web-design,2
no-good-can-come-of-bad-code,the-love-you-make,1
no-good-can-come-of-bad-code,understandingprogressiveenhancement,1
node-at-work-a-walkthrough,even-better-in-browser-mockups-with-node.js,1
node-at-work-a-walkthrough,responsive-comping-obtaining-signoff-with-mockups,1
now-you-see-me,behavioralseparation,1
now-you-see-me,progressiveenhancementwithjavascript,1
object-oriented-ux,content-modelling-a-master-skill,1
offline-first,dao,1
omniweb,macbrowsers,1
on-changing-the-world,dark-patterns-deception-vs.-honesty-in-ui-design,1
on-changing-the-world,looking-beyond-user-centered-design,1
onionskin,cssdrop2,1
onionskin,cssdropshadows,1
orbital-content,responsive-web-design,1
oz,5k,1
pain-with-no-name,flexiblefueleducatingtheclientonia,1
pdf_accessibility,lowvision,1
people-skills-for-web-workers,a-moment-to-breathe,1
people-skills-for-web-workers,burnout,1
people-skills-for-web-workers,never-heard-of-it,1
phpcms,slashforward,1
phpcms,succeed,1
phpswitch,alternate,1
pngopacity,betterliving,1
pocket,designingforcontext,1
pocket,goingtoprint,1
practical-svg,responsive-web-design,1
practicalcss,journey,1
prefix-or-posthack,stop-forking-with-css3,1
pricing-the-web,lets-do-it-what-are-we-doing,1
pricing-the-web,pricing-strategy-for-creatives,1
pricing-underpins-everything-you-do,pricing-strategy-for-creatives,1
printtopreview,alternate,1
progressiveenhancementwithcss,understandingprogressiveenhancement,2
progressiveenhancementwithjavascript,behavioralseparation,1
progressiveenhancementwithjavascript,progressiveenhancementwithcss,1
progressiveenhancementwithjavascript,understandingprogressiveenhancement,1
promoting-a-design-system-across-your-products,creating-style-guides,1
promoting-a-design-system-across-your-products,frameworks,1
publication-standards-part-1-the-fragmented-present,orbital-content,1
publication-standards-part-1-the-fragmented-present,publication-standards-part-2-a-standard-future,1
publication-standards-part-1-the-fragmented-present,responsive-web-design,1
publication-standards-part-2-a-standard-future,ebookstandards,1
publication-standards-part-2-a-standard-future,responsive-web-design,1
quantity-queries-for-css,responsive-web-design,1
quick-and-dirty-remote-user-testing,usability-testing-demystified,1
readable-wearables,testing-websites-in-game-console-browsers,1
realfontsontheweb,cssatten,1
reclaiming-social-content-strategy-for-social-media,a-checklist-for-content-work,1
reclaiming-social-content-strategy-for-social-media,crafting-a-design-persona,1
reclaiming-social-content-strategy-for-social-media,personality-in-design,1
reclaiming-social-content-strategy-for-social-media,the-core-model-designing-inside-out-for-better-results,1
reclaiming-social-content-strategy-for-social-media,thedisciplineofcontentstrategy,1
redesign-with-css-shapes,css-shapes-101,1
redesigning-your-own-site,redesignrealign,1
redesignrealign,landwarinasia,1
reframing-accessibility-for-the-web,a-checklist-for-content-work,1
reframing-accessibility-for-the-web,testing-websites-in-game-console-browsers,1
reigniting-your-creative-spark,banishing-your-inner-critic,1
relafont,alternate,1
relafont,sizematters,1
responsive-comping-obtaining-signoff-with-mockups,organizing-mobile,1
responsive-images-and-web-standards-at-the-turning-point,responsive-images-how-they-almost-worked-and-what-we-need,2
responsive-images-and-web-standards-at-the-turning-point,responsive-web-design,1
responsive-images-how-they-almost-worked-and-what-we-need,responsive-web-design,1
responsive-images-in-practice,pngopacity,1
responsive-typography-is-a-physical-discipline,environmental-design-with-the-device-api,1
responsive-typography-is-a-physical-discipline,font-hinting-and-the-future-of-responsive-typography,1
responsive-web-design,fluid-images,1
responsive-web-design,fluidgrids,3
responsive-web-design,goingtoprint,1
responsive-web-design,return-of-the-mobile-stylesheet,1
return-of-the-mobile-stylesheet,pocket,1
return-of-the-mobile-stylesheet,putyourcontentinmypocket,1
revivinganorexicwebwriting,readerstayawhile,1
risky-business-of-onboarding,ui-animation-and-ux-a-not-so-secret-friendship,1
rollovers,domtricks2,1
rulesofdigitalengagement,longhallway,1
scripttriggers,customdtd,1
secureyourcode2,secureyourcode,1
seeing-the-elephant-defragmenting-user-research,connected-ux,2
semanticflash,web3point0,1
semanticsinhtml5,previewofhtml5,1
seo,betterliving,1
seo,rollovers,1
simplecontentmanagement,spam,1
sizematters,doctype,2
slashdot,goingtoprint,1
slashdot,seo,1
slashdot,slashdot2,2
slashdot2,slashdot,2
slashforward,succeed,1
slidingdoors,taminglists,1
slidingdoors2,slidingdoors,2
smarttags,politics,1
smarttags,tohell,1
sprites,fir,1
sprites2,behavioralseparation,1
sprites2,sprites,2
sprucemaps,mountaintop,1
sprucemaps,taminglists,1
sprucemaps,zebratables,1
standardization-and-the-open-web,responsive-images-and-web-standards-at-the-turning-point,1
standing-out-from-the-crowd,job-hunting-for-web-designers-and-developers,1
startingabusiness,business4,1
storytelling,separation,1
strategic-content-management,content-templates-to-the-rescue,1
strategic-content-management,contenttiousstrategy,1
strategic-content-management,design-patterns-faceted-navigation,1
strategic-content-management,the-case-for-content-strategy-motown-style,1
strategic-content-management,thedisciplineofcontentstrategy,1
strategic-content-management,youarenotarobot,1
structuring-a-new-collaborative-culture,getting-to-flow,1
succeed,urls,1
summer-reading-issue,apps-vs-the-web,1
summer-reading-issue,coaching-a-community,1
summer-reading-issue,cssatten,1
summer-reading-issue,dao,1
summer-reading-issue,ebookstandards,1
summer-reading-issue,fluidgrids,1
summer-reading-issue,fromlittlethings,1
summer-reading-issue,habit-fields,1
summer-reading-issue,indefenseofreaders,1
summer-reading-issue,more-meaningful-typography,1
summer-reading-issue,on-web-typography,1
summer-reading-issue,orbital-content,1
summer-reading-issue,prefix-or-posthack,1
summer-reading-issue,putyourcontentinmypocket,1
summer-reading-issue,readingdesign,1
summer-reading-issue,real-web-type-in-real-web-context,1
summer-reading-issue,redesignrealign,1
summer-reading-issue,responsive-web-design,1
summer-reading-issue,slidingdoors,1
summer-reading-issue,sprites,1
summer-reading-issue,the-wisdom-of-community,1
summer-reading-issue,thedisciplineofcontentstrategy,1
summer-reading-issue,theyshootbrowsers,1
summer-reading-issue,tohell,1
summer-reading-issue,understandingwebdesign,1
summer-reading-issue,whereourstandardswentwrong,1
summer-reading-issue-2013,better-navigation-through-proprioception,1
summer-reading-issue-2013,content-modelling-a-master-skill,1
summer-reading-issue-2013,everything-in-its-right-pace,1
summer-reading-issue-2013,font-hinting-and-the-future-of-responsive-typography,1
summer-reading-issue-2013,for-a-future-friendly-web,1
summer-reading-issue-2013,future-ready-content,1
summer-reading-issue-2013,mo-pixels-mo-problems,1
summer-reading-issue-2013,responsive-comping-obtaining-signoff-with-mockups,1
summer-reading-issue-2013,responsive-images-and-web-standards-at-the-turning-point,1
summer-reading-issue-2013,style-tiles-and-how-they-work,1
summer-reading-issue-2013,testing-websites-in-game-console-browsers,1
summer-reading-issue-2013,the-best-browser-is-the-one-you-have-with-you,1
summer-reading-issue-2013,the-era-of-symbol-fonts,1
summer-reading-issue-2013,the-future-is-unevenly-superdistributed,1
summer-reading-issue-2013,the-infinite-grid,1
summer-reading-issue-2013,the-web-aesthetic,1
summer-reading-issue-2013,uncle-sam-wants-you-to-optimize-your-content-for-mobile,1
summer-reading-issue-2013,vexing-viewports,1
summer-reading-issue-2013,windows-on-the-web,1
summer-reading-issue-2015,80-20-practitioners-make-better-communicators,1
summer-reading-issue-2015,accessibility-the-missing-ingredient,1
summer-reading-issue-2015,axiomatic-css-and-lobotomized-owls,1
summer-reading-issue-2015,battle-for-the-body-field,1
summer-reading-issue-2015,building-nonlinear-narratives-for-the-web,1
summer-reading-issue-2015,can-email-be-responsive,1
summer-reading-issue-2015,css-shapes-101,1
summer-reading-issue-2015,cultivating-the-next-generation-of-web-professionals,1
summer-reading-issue-2015,gardens-not-graves,1
summer-reading-issue-2015,initiation-to-code,1
summer-reading-issue-2015,let-links-be-links,1
summer-reading-issue-2015,live-font-interpolation-on-the-web,1
summer-reading-issue-2015,one-step-ahead-improving-performance-with-prebrowsing,1
summer-reading-issue-2015,planning-for-performance,1
summer-reading-issue-2015,pluralization-for-javascript,1
summer-reading-issue-2015,prototyping-your-workflow,1
summer-reading-issue-2015,reframing-accessibility-for-the-web,1
summer-reading-issue-2015,running-code-reviews-with-confidence,1
summer-reading-issue-2015,standardization-and-the-open-web,1
summer-reading-issue-2015,the-core-model-designing-inside-out-for-better-results,1
summer-reading-issue-2015,the-people-are-the-work,1
summer-reading-issue-2015,the-specialist-generalist-balance,1
summer-reading-issue-2015,the-specialized-web-working-with-subject-matter-experts,1
summer-reading-issue-2015,training-the-cms,1
summer-reading-issue-2015,tweaking-the-moral-ui,1
summer-reading-issue-2015,what-really-matters-focusing-on-top-tasks,1
summer-reading-issue-2015,why-we-work,1
supereasyblendys,pngopacity,1
survey2008,2007surveyresults,1
survey2008,webdesignsurvey,1
survey2009,webdesignsurvey,2
survey2010,findings-from-the-web-design-survey-2009,1
survey2010,webdesignsurvey,2
surveying-the-big-screen,improving-ux-through-front-end-performance,1
surveying-the-big-screen,responsive-web-design,1
sustainable-web-design,improving-ux-through-front-end-performance,2
switchymclayout,behavioralseparation,1
switchymclayout,bodyswitchers,1
tacklingusability,domtricks2,1
taminglists,practicalcss,1
tamingscope,whatstheproblem,1
task-performance-indicator-management-metric-for-customer-experience,never-show-a-design-you-havent-tested-on-users,1
tenyears,2007surveyresults,1
tenyears,ALAprimer,1
testing-accordion-forms,waiaria,1
testing-websites-in-game-console-browsers,responsive-web-design,1
the-case-for-content-strategy-motown-style,contenttiousstrategy,1
the-case-for-content-strategy-motown-style,thedisciplineofcontentstrategy,1
the-coming-revolution-in-email-design,can-email-be-responsive,1
the-foundation-of-technical-leadership,never-heard-of-it,1
the-foundation-of-technical-leadership,writing-is-thinking,1
the-future-is-unevenly-superdistributed,orbital-content,1
the-look-that-says-book,ebookstandards,1
the-love-you-make,help-my-portfolio-sucks,1
the-merry-stormtrooper,it-is-what-it-is,1
the-monster-within-us,it-is-what-it-is,1
the-monster-within-us,the-merry-stormtrooper,1
the-problem-with-passwords,understandingprogressiveenhancement,1
the-rich-typefaces-get-richer,say-no-to-faux-bold,1
the-specialized-web-working-with-subject-matter-experts,people-skills-for-web-workers,1
the-vendor-prefix-predicament-alas-eric-meyer-interviews-tantek-celik,prefix-or-posthack,1
the-ways-weve-changed,help-my-portfolio-sucks,1
the-ways-weve-changed,responsive-web-design,1
the-web-aesthetic,responsive-images-how-they-almost-worked-and-what-we-need,1
the-web-aesthetic,responsive-web-design,1
the-web-on-mobile-and-beyond,responsive-web-design,1
theyshootbrowsers,fromswitchestotargets,1
thinking-responsively-a-framework-for-future-learning,offline-first,1
thinking-responsively-a-framework-for-future-learning,responsive-web-design,1
thinking-responsively-a-framework-for-future-learning,the-core-model-designing-inside-out-for-better-results,1
thinking-responsively-a-framework-for-future-learning,universal-design-irl,1
thisishowthewebgetsregulated,deafnessandtheuserexperience,1
tohell,journey,2
tohell,politics,1
tools,dreamweaver,1
tools,readspec,1
training-the-cms,battle-for-the-body-field,1
training-the-cms,content-modelling-a-master-skill,1
training-the-cms,content-templates-to-the-rescue,1
translation-is-ux,for-a-future-friendly-web,1
typography,emen,1
typography,practicalcss,1
typography,sizematters,1
unsuck-the-enterprise,usable-yet-useless-why-every-business-needs-product-discovery,1
unwebbable,pdf_accessibility,1
unwebbable,semanticsinhtml5,1
usable-yet-useless-why-every-business-needs-product-discovery,an-important-time-for-design,1
usable-yet-useless-why-every-business-needs-product-discovery,product-management-for-the-web,1
using-css-mod-queries-with-range-selectors,quantity-queries-for-css,2
using-css-mod-queries-with-range-selectors,understandingprogressiveenhancement,1
using-responsive-images-now,responsive-web-design,1
using-svg-for-flexible-scalable-and-fun-backgrounds-part-i,using-svg-for-flexible-scalable-and-fun-backgrounds-part-ii,2
using-svg-for-flexible-scalable-and-fun-backgrounds-part-ii,using-svg-for-flexible-scalable-and-fun-backgrounds-part-i,1
w3c-in-the-wild,responsive-images-and-web-standards-at-the-turning-point,1
w3c-is-getting-some-work-done,return-of-the-mobile-stylesheet,1
web-animation-at-work,flat-ui-and-forms,1
web-animation-past-present-and-future,smil,1
webfonts-on-the-prairie,fonts-at-the-crossing,1
webfonts-on-the-prairie,the-implicit-contract,1
what-will-save-us-from-the-dark-side-of-pre-processors,a-vision-for-our-sass,1
whereami,homepagegoals,1
whereourstandardswentwrong,dreamweaver,1
why-arent-you-asking-questions,i-dont-like-it,2
why-arent-you-asking-questions,taking-the-guesswork-out-of-design,1
wiwa,accessuk,2
wiwa,alternate,1
wiwa,relafont,1
wiwa,sizematters,1
workingfromhomereadersrespond,walkingthelinewhenyouworkfromhome,1
youarenotarobot,educatingstakeholders,1
your-side-project-as-insurance-policy,you-cant-do-everything,1
your-website-has-two-faces,forward-thinking-form-validation,1
your-website-has-two-faces,good-help-is-hard-to-find,1
your-website-has-two-faces,inline-validation-in-web-forms,1
zebrastripingdoesithelp,zebratables,1
zebrastripingmoredataforthecase,zebrastripingdoesithelp,2
