parent,tag
code,code
code,application-development
code,browsers
code,css
code,html
code,javascript
code,the-server-side
content,content
content,community
content,content-strategy
content,writing
design,design
design,brand-identity
design,graphic-design
design,layout-grids
design,mobile-multidevice
design,responsive-design
design,typography-web-fonts
industry-business,industry-business
industry-business,business
industry-business,industry
industry-business,state-of-the-web
process,process
process,creativity
process,project-management
process,web-strategy
process,workflow-tools
user-experience,user-experience
user-experience,accessibility
user-experience,information-architecture
user-experience,interaction-design
user-experience,usability
user-experience,user-research
